000393,Apple
001B63,Apple
002312,Apple
003EE1,Apple
0050E4,Apple
009027,Apple
00A040,Apple
00CD46,Apple
041552,Apple
0C3021,Apple
0CD746,Apple
0CDB44,Apple
10DDB1,Apple
141BA4,Apple
182032,Apple
1C36BB,Apple
20A2E4,Apple
241EEB,Apple
28E02C,Apple
2C3361,Apple
2CB43A,Apple
2CF0A2,Apple
3010E4,Apple
3408BC,Apple
34C059,Apple
3C0754,Apple
3C22FB,Apple
40A6D9,Apple
44D884,Apple
48D705,Apple
4C3275,Apple
4C57CA,Apple
4C74BF,Apple
502B73,Apple
507A55,Apple
5433CB,Apple
5855CA,Apple
58B035,Apple
5C5948,Apple
5CF5DA,Apple
60C547,Apple
60D9C7,Apple
60F81D,Apple
640980,Apple
6476BA,Apple
6C3C7C,Apple
6C709F,Apple
6C94F8,Apple
703EAC,Apple
7014A6,Apple
7081EB,Apple
70DEE2,Apple
741BB2,Apple
78886D,Apple
78CA39,Apple
78D75F,Apple
7C04D0,Apple
7C6D62,Apple
7CD1C3,Apple
7CFADF,Apple
804971,Apple
80929F,Apple
84788B,Apple
848506,Apple
84FCFE,Apple
8866A5,Apple
886B6E,Apple
88C663,Apple
8C006D,Apple
8C2DAA,Apple
8C7C92,Apple
8C8590,Apple
8CFABA,Apple
9003B7,Apple
90840D,Apple
9060F1,Apple
90B21F,Apple
90FD61,Apple
940006,Apple
9801A7,Apple
98D6BB,Apple
98F0AB,Apple
9C20D0,Apple
9C35EB,Apple
9CFC01,Apple
A02195,Apple
A45E60,Apple
A4B197,Apple
A4D1D2,Apple
A82066,Apple
A860B6,Apple
A88808,Apple
AC1F74,Apple
ACBC32,Apple
ACFDEC,Apple
B019C6,Apple
B48B19,Apple
B4F0AB,Apple
B8098A,Apple
B844D9,Apple
B8C111,Apple
B8E856,Apple
BC3BAF,Apple
BC5436,Apple
BC6778,Apple
BCB1F3,Apple
C01ADA,Apple
C06394,Apple
C0A53E,Apple
C0CCDB,Apple
C42C03,Apple
C82A14,Apple
C869CD,Apple
C8B5B7,Apple
CC088D,Apple
CC20E8,Apple
CC4463,Apple
D023DB,Apple
D02598,Apple
D04F7E,Apple
D0A637,Apple
D0C5F3,Apple
D4619D,Apple
D49A20,Apple
D4F46F,Apple
D8004D,Apple
D81C79,Apple
D89695,Apple
D8CF9C,Apple
DC2B2A,Apple
DC2C6E,Apple
DC3714,Apple
DC415F,Apple
DC56E7,Apple
DCA4CA,Apple
E05F45,Apple
E0B9BA,Apple
E0C767,Apple
E425E7,Apple
E48B7F,Apple
E4C63D,Apple
E80688,Apple
E8040B,Apple
E89120,Apple
F02475,Apple
F04F7C,Apple
F0766F,Apple
F0989D,Apple
F0B479,Apple
F0C1F1,Apple
F0D1A9,Apple
F0DCE2,Apple
F40F24,Apple
F437B7,Apple
F45C89,Apple
F4F15A,Apple
F8E079,Apple
001632,Samsung
0007AB,Samsung
001247,Samsung
001377,Samsung
001599,Samsung
0016DB,Samsung
0017C9,Samsung
0017D5,Samsung
001856,Samsung
001A8A,Samsung
001B98,Samsung
001CDL,Samsung
001EE1,Samsung
001EE2,Samsung
001FCC,Samsung
001FCD,Samsung
00214C,Samsung
002339,Samsung
002491,Samsung
0025DC,Samsung
002566,Samsung
0026E2,Samsung
04180E,Samsung
083D88,Samsung
08D42B,Samsung
08ECA9,Samsung
0C14F2,Samsung
0C715D,Samsung
0C8910,Samsung
100BA9,Samsung
10D38A,Samsung
14568E,Samsung
1489FD,Samsung
14A364,Samsung
18227E,Samsung
183A2D,Samsung
183F47,Samsung
184ECE,Samsung
185429,Samsung
188331,Samsung
18E2C2,Samsung
1C5A3E,Samsung
1C66AA,Samsung
1CCDE5,Samsung
1CF293,Samsung
2013E0,Samsung
20D390,Samsung
2462CE,Samsung
24DB96,Samsung
280927,Samsung
2827BF,Samsung
28395E,Samsung
28BAB5,Samsung
28CC01,Samsung
28E14C,Samsung
2C4401,Samsung
30074D,Samsung
300D43,Samsung
30CBF4,Samsung
34145F,Samsung
3423BA,Samsung
3408BC,Samsung
340804,Samsung
34C3AC,Samsung
3816D1,Samsung
3C5A37,Samsung
3C6200,Samsung
3C8BFE,Samsung
403004,Samsung
404E36,Samsung
44F459,Samsung
48137E,Samsung
4844F7,Samsung
4C3C16,Samsung
5001BB,Samsung
509EA7,Samsung
50A4D0,Samsung
50B7C3,Samsung
50FC9F,Samsung
540955,Samsung
543530,Samsung
5C0ABC,Samsung
5C3C27,Samsung
60A10A,Samsung
60AF6D,Samsung
64B853,Samsung
680571,Samsung
6C2F2C,Samsung
700514,Samsung
706655,Samsung
7077B0,Samsung
708CB6,Samsung
742344,Samsung
7840E4,Samsung
7894B4,Samsung
78471D,Samsung
78AB60,Samsung
78D6F0,Samsung
80656D,Samsung
842519,Samsung
843835,Samsung
84119E,Samsung
84A466,Samsung
84B541,Samsung
882164,Samsung
88329B,Samsung
886B6E,Samsung
88D50C,Samsung
8C771A,Samsung
8CC8CD,Samsung
90185E,Samsung
9025DB,Samsung
90F1AA,Samsung
940080,Samsung
94350A,Samsung
94D771,Samsung
980CB5,Samsung
9852B1,Samsung
9C2EA1,Samsung
9CDC71,Samsung
9CDF03,Samsung
9E49B0,Samsung
A00798,Samsung
A44E31,Samsung
A45D36,Samsung
A4F1E8,Samsung
A82BB9,Samsung
A89FBA,Samsung
AC5A14,Samsung
ACC33A,Samsung
B41513,Samsung
B47443,Samsung
B4EF39,Samsung
B87826,Samsung
B8D7AF,Samsung
BC14EF,Samsung
BC2028,Samsung
BC4760,Samsung
BC72B1,Samsung
BC8CCD,Samsung
BCFE8C,Samsung
C06118,Samsung
C089AB,Samsung
C0973E,Samsung
C0B3D9,Samsung
C4731E,Samsung
C4ABB2,Samsung
C819F7,Samsung
CC07AB,Samsung
CC3A61,Samsung
D0176A,Samsung
D022BE,Samsung
D05349,Samsung
D087E2,Samsung
D09466,Samsung
D0C1B1,Samsung
D0D009,Samsung
D469A5,Samsung
D48890,Samsung
D857EF,Samsung
D860B0,Samsung
D8E0E1,Samsung
DC7196,Samsung
E09971,Samsung
E0AADB,Samsung
E498D1,Samsung
E4B021,Samsung
E89309,Samsung
EC107B,Samsung
EC1F72,Samsung
F025B7,Samsung
F0257E,Samsung
F0B4D2,Samsung
F0E77E,Samsung
F40E22,Samsung
F4428F,Samsung
F44227,Samsung
F46D04,Samsung
F8042E,Samsung
FC1910,Samsung
FC8F90,Samsung
FCA183,Samsung
000FE2,Google
1412E6,Google
2C9966,Google
3C5A2B,Google
406C8F,Google
54609A,Google
5828CA,Google
6CA7A2,Google
94EB2C,Google
A4771A,Google
D49A20,Google
F4F5E8,Google
F4F5D8,Google
E8D0FC,Google
001E65,Intel
001E67,Intel
0021E6,Intel
003EE1,Intel
004033,Intel
0050F1,Intel
005056,Intel
0060B3,Intel
006097,Intel
0090CC,Intel
00A0C6,Intel
00D0B7,Intel
100BA9,Intel
3C970E,Intel
482AE3,Intel
4CEB42,Intel
683B78,Intel
6C8814,Intel
8086F2,Intel
842615,Intel
9C5C8E,Intel
A0C589,Intel
B4B675,Intel
F4068D,Intel
F40669,Intel
F48C50,Intel
FC774A,Intel
18FE34,Espressif
240AC4,Espressif
2462AB,Espressif
3010E4,Espressif
3494AF,Espressif
7894B4,Espressif
807D3A,Espressif
8418D6,Espressif
8C4B14,Espressif
940C6D,Espressif
A0A3B3,Espressif
A4CF12,Espressif
AC67B2,Espressif
B4E62D,Espressif
B827EB,Espressif
BC6174,Espressif
BCDDC2,Espressif
C44F33,Espressif
C4DD57,Espressif
C8C9A3,Espressif
CC50E3,Espressif
D4D4DA,Espressif
D8BFC0,Espressif
DCA632,Espressif
E0E2E6,Espressif
E868E7,Espressif
F008D1,Espressif
F0F5BD,Espressif
FC67A2,Espressif
000E8F,Cisco
001E7A,Cisco
0024C4,Cisco
0025B5,Cisco
005056,Cisco
0C2796,Cisco
34DBF7,Cisco
442B03,Cisco
6886A7,Cisco
8843E1,Cisco
C4B36A,Cisco
EC44AA,Cisco
F414FC,Cisco
002590,Huawei
002EC7,Huawei
004F1A,Huawei
0C96E6,Huawei
20A680,Huawei
24DF6A,Huawei
28310E,Huawei
34CDBE,Huawei
3C4711,Huawei
40DC9D,Huawei
482CB6,Huawei
4C1FCE,Huawei
4CB16C,Huawei
542758,Huawei
5C09C1,Huawei
60DE44,Huawei
680715,Huawei
70728B,Huawei
7825AD,Huawei
7C602A,Huawei
80B686,Huawei
84A8E4,Huawei
88CEFA,Huawei
9017AC,Huawei
9C28EF,Huawei
A4BA76,Huawei
AC4E91,Huawei
B4CD27,Huawei
C01173,Huawei
C40415,Huawei
C8D15E,Huawei
D46AA8,Huawei
D8C8E9,Huawei
E0247F,Huawei
E4A749,Huawei
EC388F,Huawei
F44C7F,Huawei
F8D111,Huawei
FC48EF,Huawei
0471E3,Xiaomi
100480,Xiaomi
143F0B,Xiaomi
183925,Xiaomi
200DB0,Xiaomi
2871CE,Xiaomi
3480B3,Xiaomi
380117,Xiaomi
40311D,Xiaomi
44011A,Xiaomi
50644F,Xiaomi
581FEF,Xiaomi
5C0272,Xiaomi
640980,Xiaomi
6C5CDE,Xiaomi
7451BA,Xiaomi
7802F8,Xiaomi
7C1DD9,Xiaomi
840D8E,Xiaomi
8CB8B4,Xiaomi
9C9968,Xiaomi
A4D9A0,Xiaomi
AC61EA,Xiaomi
B0E235,Xiaomi
B4A5AC,Xiaomi
BC5FF4,Xiaomi
C40BC3,Xiaomi
C8D7B0,Xiaomi
CC9E00,Xiaomi
D4B70D,Xiaomi
DCFE18,Xiaomi
E47723,Xiaomi
EC01EE,Xiaomi
F0B429,Xiaomi
F4F168,Xiaomi
F8A763,Xiaomi
FC641E,Xiaomi
84CCA8,TP-Link
C04A00,TP-Link
E894F6,TP-Link
5091E3,TP-Link
B09575,TP-Link
30B49E,TP-Link
C025A2,TP-Link
2CE412,TP-Link
9CC9EB,TP-Link
ECEEB8,TP-Link
542A1B,TP-Link
8C210A,TP-Link
D8EB97,Raspberry
B827EB,Raspberry
DCA632,Raspberry
E45F01,Raspberry
0024A5,Buffalo
C86C87,Buffalo
082E5F,HP
308D99,HP
3C4A92,HP
8058F8,HP
685D43,Intel
A0369F,Intel
64D2C4,Intel
F81654,Intel
4CE176,Intel
74E5F9,Intel
E0D55E,Intel
0050B6,Microsoft
0050F2,Microsoft
285A14,Microsoft
B4AE2B,Microsoft
D89EF3,Microsoft
60455E,Microsoft
001DD8,Microsoft
705A0F,Netgear
A021B7,Netgear
4C60DE,Netgear
B0487A,Netgear
C43DC7,Netgear
E46F13,Netgear
CC40D0,Netgear
006F64,Sony
009520,Sony
0013A9,Sony
001E45,Sony
002D95,Sony
081F71,Sony
2C37CE,Sony
40B837,Sony
5453ED,Sony
7001B5,Sony
843838,Sony
A0E453,Sony
B0726F,Sony
C4346B,Sony
D8D43C,Sony
F8DA0C,Sony
FC0FE6,Sony
08F4AB,LG
10F96F,LG
282D7F,LG
2C54CF,LG
34E6AD,LG
58A2B5,LG
5CF286,LG
6C833A,LG
78F882,LG
88C9D0,LG
94B97E,LG
C0A88D,LG
C49A02,LG
CC2D8C,LG
E8F2E2,LG
F81A67,LG
FC8399,LG
000D93,Motorola
00143E,Motorola
1402EC,Motorola
285AEB,Motorola
40886A,Motorola
588A5A,Motorola
68E7C2,Motorola
7C464C,Motorola
94BF94,Motorola
B0A4F0,Motorola
D0B128,Motorola
E0757D,Motorola
FC3598,Motorola
001E4F,Dell
0015C5,Dell
002219,Dell
D481D7,Dell
F01FAF,Dell
F48E38,Dell
3440B5,Dell
20040F,Amazon
0C47C9,Amazon
287054,Amazon
340B40,Amazon
446C24,Amazon
4CEFC0,Amazon
68372B,Amazon
68549E,Amazon
6854FD,Amazon
747548,Amazon
8404D2,Amazon
940455,Amazon
A002DC,Amazon
AC63BE,Amazon
B09FBA,Amazon
FCBC9C,Amazon
FCD2B6,Amazon
A0999B,Amazon
001C43,Aruba
000B86,Aruba
24DEC6,Aruba
6CF37F,Aruba
9C1C12,Aruba
D8C7C8,Aruba
